season,round,url,raceName,date,circuitID,country
1990,1,http://en.wikipedia.org/wiki/1990_United_States_Grand_Prix,United States Grand Prix,1990-03-11,phoenix,USA
1990,2,http://en.wikipedia.org/wiki/1990_Brazilian_Grand_Prix,Brazilian Grand Prix,1990-03-25,interlagos,Brazil
1990,3,http://en.wikipedia.org/wiki/1990_San_Marino_Grand_Prix,San Marino Grand Prix,1990-05-13,imola,Italy
1990,4,http://en.wikipedia.org/wiki/1990_Monaco_Grand_Prix,Monaco Grand Prix,1990-05-27,monaco,Monaco
1990,5,http://en.wikipedia.org/wiki/1990_Canadian_Grand_Prix,Canadian Grand Prix,1990-06-10,villeneuve,Canada
1990,6,http://en.wikipedia.org/wiki/1990_Mexican_Grand_Prix,Mexican Grand Prix,1990-06-24,rodriguez,Mexico
1990,7,http://en.wikipedia.org/wiki/1990_French_Grand_Prix,French Grand Prix,1990-07-08,ricard,France
1990,8,http://en.wikipedia.org/wiki/1990_British_Grand_Prix,British Grand Prix,1990-07-15,silverstone,UK
1990,9,http://en.wikipedia.org/wiki/1990_German_Grand_Prix,German Grand Prix,1990-07-29,hockenheimring,Germany
1990,10,http://en.wikipedia.org/wiki/1990_Hungarian_Grand_Prix,Hungarian Grand Prix,1990-08-12,hungaroring,Hungary
1990,11,http://en.wikipedia.org/wiki/1990_Belgian_Grand_Prix,Belgian Grand Prix,1990-08-26,spa,Belgium
1990,12,http://en.wikipedia.org/wiki/1990_Italian_Grand_Prix,Italian Grand Prix,1990-09-09,monza,Italy
1990,13,http://en.wikipedia.org/wiki/1990_Portuguese_Grand_Prix,Portuguese Grand Prix,1990-09-23,estoril,Portugal
1990,14,http://en.wikipedia.org/wiki/1990_Spanish_Grand_Prix,Spanish Grand Prix,1990-09-30,jerez,Spain
1990,15,http://en.wikipedia.org/wiki/1990_Japanese_Grand_Prix,Japanese Grand Prix,1990-10-21,suzuka,Japan
1990,16,http://en.wikipedia.org/wiki/1990_Australian_Grand_Prix,Australian Grand Prix,1990-11-04,adelaide,Australia
1991,1,http://en.wikipedia.org/wiki/1991_United_States_Grand_Prix,United States Grand Prix,1991-03-10,phoenix,USA
1991,2,http://en.wikipedia.org/wiki/1991_Brazilian_Grand_Prix,Brazilian Grand Prix,1991-03-24,interlagos,Brazil
1991,3,http://en.wikipedia.org/wiki/1991_San_Marino_Grand_Prix,San Marino Grand Prix,1991-04-28,imola,Italy
1991,4,http://en.wikipedia.org/wiki/1991_Monaco_Grand_Prix,Monaco Grand Prix,1991-05-12,monaco,Monaco
1991,5,http://en.wikipedia.org/wiki/1991_Canadian_Grand_Prix,Canadian Grand Prix,1991-06-02,villeneuve,Canada
1991,6,http://en.wikipedia.org/wiki/1991_Mexican_Grand_Prix,Mexican Grand Prix,1991-06-16,rodriguez,Mexico
1991,7,http://en.wikipedia.org/wiki/1991_French_Grand_Prix,French Grand Prix,1991-07-07,magny_cours,France
1991,8,http://en.wikipedia.org/wiki/1991_British_Grand_Prix,British Grand Prix,1991-07-14,silverstone,UK
1991,9,http://en.wikipedia.org/wiki/1991_German_Grand_Prix,German Grand Prix,1991-07-28,hockenheimring,Germany
1991,10,http://en.wikipedia.org/wiki/1991_Hungarian_Grand_Prix,Hungarian Grand Prix,1991-08-11,hungaroring,Hungary
1991,11,http://en.wikipedia.org/wiki/1991_Belgian_Grand_Prix,Belgian Grand Prix,1991-08-25,spa,Belgium
1991,12,http://en.wikipedia.org/wiki/1991_Italian_Grand_Prix,Italian Grand Prix,1991-09-08,monza,Italy
1991,13,http://en.wikipedia.org/wiki/1991_Portuguese_Grand_Prix,Portuguese Grand Prix,1991-09-22,estoril,Portugal
1991,14,http://en.wikipedia.org/wiki/1991_Spanish_Grand_Prix,Spanish Grand Prix,1991-09-29,catalunya,Spain
1991,15,http://en.wikipedia.org/wiki/1991_Japanese_Grand_Prix,Japanese Grand Prix,1991-10-20,suzuka,Japan
1991,16,http://en.wikipedia.org/wiki/1991_Australian_Grand_Prix,Australian Grand Prix,1991-11-03,adelaide,Australia
1992,1,http://en.wikipedia.org/wiki/1992_South_African_Grand_Prix,South African Grand Prix,1992-03-01,kyalami,South Africa
1992,2,http://en.wikipedia.org/wiki/1992_Mexican_Grand_Prix,Mexican Grand Prix,1992-03-22,rodriguez,Mexico
1992,3,http://en.wikipedia.org/wiki/1992_Brazilian_Grand_Prix,Brazilian Grand Prix,1992-04-05,interlagos,Brazil
1992,4,http://en.wikipedia.org/wiki/1992_Spanish_Grand_Prix,Spanish Grand Prix,1992-05-03,catalunya,Spain
1992,5,http://en.wikipedia.org/wiki/1992_San_Marino_Grand_Prix,San Marino Grand Prix,1992-05-17,imola,Italy
1992,6,http://en.wikipedia.org/wiki/1992_Monaco_Grand_Prix,Monaco Grand Prix,1992-05-31,monaco,Monaco
1992,7,http://en.wikipedia.org/wiki/1992_Canadian_Grand_Prix,Canadian Grand Prix,1992-06-14,villeneuve,Canada
1992,8,http://en.wikipedia.org/wiki/1992_French_Grand_Prix,French Grand Prix,1992-07-05,magny_cours,France
1992,9,http://en.wikipedia.org/wiki/1992_British_Grand_Prix,British Grand Prix,1992-07-12,silverstone,UK
1992,10,http://en.wikipedia.org/wiki/1992_German_Grand_Prix,German Grand Prix,1992-07-26,hockenheimring,Germany
1992,11,http://en.wikipedia.org/wiki/1992_Hungarian_Grand_Prix,Hungarian Grand Prix,1992-08-16,hungaroring,Hungary
1992,12,http://en.wikipedia.org/wiki/1992_Belgian_Grand_Prix,Belgian Grand Prix,1992-08-30,spa,Belgium
1992,13,http://en.wikipedia.org/wiki/1992_Italian_Grand_Prix,Italian Grand Prix,1992-09-13,monza,Italy
1992,14,http://en.wikipedia.org/wiki/1992_Portuguese_Grand_Prix,Portuguese Grand Prix,1992-09-27,estoril,Portugal
1992,15,http://en.wikipedia.org/wiki/1992_Japanese_Grand_Prix,Japanese Grand Prix,1992-10-25,suzuka,Japan
1992,16,http://en.wikipedia.org/wiki/1992_Australian_Grand_Prix,Australian Grand Prix,1992-11-08,adelaide,Australia
1993,1,http://en.wikipedia.org/wiki/1993_South_African_Grand_Prix,South African Grand Prix,1993-03-14,kyalami,South Africa
1993,2,http://en.wikipedia.org/wiki/1993_Brazilian_Grand_Prix,Brazilian Grand Prix,1993-03-28,interlagos,Brazil
1993,3,http://en.wikipedia.org/wiki/1993_European_Grand_Prix,European Grand Prix,1993-04-11,donington,UK
1993,4,http://en.wikipedia.org/wiki/1993_San_Marino_Grand_Prix,San Marino Grand Prix,1993-04-25,imola,Italy
1993,5,http://en.wikipedia.org/wiki/1993_Spanish_Grand_Prix,Spanish Grand Prix,1993-05-09,catalunya,Spain
1993,6,http://en.wikipedia.org/wiki/1993_Monaco_Grand_Prix,Monaco Grand Prix,1993-05-23,monaco,Monaco
1993,7,http://en.wikipedia.org/wiki/1993_Canadian_Grand_Prix,Canadian Grand Prix,1993-06-13,villeneuve,Canada
1993,8,http://en.wikipedia.org/wiki/1993_French_Grand_Prix,French Grand Prix,1993-07-04,magny_cours,France
1993,9,http://en.wikipedia.org/wiki/1993_British_Grand_Prix,British Grand Prix,1993-07-11,silverstone,UK
1993,10,http://en.wikipedia.org/wiki/1993_German_Grand_Prix,German Grand Prix,1993-07-25,hockenheimring,Germany
1993,11,http://en.wikipedia.org/wiki/1993_Hungarian_Grand_Prix,Hungarian Grand Prix,1993-08-15,hungaroring,Hungary
1993,12,http://en.wikipedia.org/wiki/1993_Belgian_Grand_Prix,Belgian Grand Prix,1993-08-29,spa,Belgium
1993,13,http://en.wikipedia.org/wiki/1993_Italian_Grand_Prix,Italian Grand Prix,1993-09-12,monza,Italy
1993,14,http://en.wikipedia.org/wiki/1993_Portuguese_Grand_Prix,Portuguese Grand Prix,1993-09-26,estoril,Portugal
1993,15,http://en.wikipedia.org/wiki/1993_Japanese_Grand_Prix,Japanese Grand Prix,1993-10-24,suzuka,Japan
1993,16,http://en.wikipedia.org/wiki/1993_Australian_Grand_Prix,Australian Grand Prix,1993-11-07,adelaide,Australia
1994,1,http://en.wikipedia.org/wiki/1994_Brazilian_Grand_Prix,Brazilian Grand Prix,1994-03-27,interlagos,Brazil
1994,2,http://en.wikipedia.org/wiki/1994_Pacific_Grand_Prix,Pacific Grand Prix,1994-04-17,okayama,Japan
1994,3,http://en.wikipedia.org/wiki/1994_San_Marino_Grand_Prix,San Marino Grand Prix,1994-05-01,imola,Italy
1994,4,http://en.wikipedia.org/wiki/1994_Monaco_Grand_Prix,Monaco Grand Prix,1994-05-15,monaco,Monaco
1994,5,http://en.wikipedia.org/wiki/1994_Spanish_Grand_Prix,Spanish Grand Prix,1994-05-29,catalunya,Spain
1994,6,http://en.wikipedia.org/wiki/1994_Canadian_Grand_Prix,Canadian Grand Prix,1994-06-12,villeneuve,Canada
1994,7,http://en.wikipedia.org/wiki/1994_French_Grand_Prix,French Grand Prix,1994-07-03,magny_cours,France
1994,8,http://en.wikipedia.org/wiki/1994_British_Grand_Prix,British Grand Prix,1994-07-10,silverstone,UK
1994,9,http://en.wikipedia.org/wiki/1994_German_Grand_Prix,German Grand Prix,1994-07-31,hockenheimring,Germany
1994,10,http://en.wikipedia.org/wiki/1994_Hungarian_Grand_Prix,Hungarian Grand Prix,1994-08-14,hungaroring,Hungary
1994,11,http://en.wikipedia.org/wiki/1994_Belgian_Grand_Prix,Belgian Grand Prix,1994-08-28,spa,Belgium
1994,12,http://en.wikipedia.org/wiki/1994_Italian_Grand_Prix,Italian Grand Prix,1994-09-11,monza,Italy
1994,13,http://en.wikipedia.org/wiki/1994_Portuguese_Grand_Prix,Portuguese Grand Prix,1994-09-25,estoril,Portugal
1994,14,http://en.wikipedia.org/wiki/1994_European_Grand_Prix,European Grand Prix,1994-10-16,jerez,Spain
1994,15,http://en.wikipedia.org/wiki/1994_Japanese_Grand_Prix,Japanese Grand Prix,1994-11-06,suzuka,Japan
1994,16,http://en.wikipedia.org/wiki/1994_Australian_Grand_Prix,Australian Grand Prix,1994-11-13,adelaide,Australia
1995,1,http://en.wikipedia.org/wiki/1995_Brazilian_Grand_Prix,Brazilian Grand Prix,1995-03-26,interlagos,Brazil
1995,2,http://en.wikipedia.org/wiki/1995_Argentine_Grand_Prix,Argentine Grand Prix,1995-04-09,galvez,Argentina
1995,3,http://en.wikipedia.org/wiki/1995_San_Marino_Grand_Prix,San Marino Grand Prix,1995-04-30,imola,Italy
1995,4,http://en.wikipedia.org/wiki/1995_Spanish_Grand_Prix,Spanish Grand Prix,1995-05-14,catalunya,Spain
1995,5,http://en.wikipedia.org/wiki/1995_Monaco_Grand_Prix,Monaco Grand Prix,1995-05-28,monaco,Monaco
1995,6,http://en.wikipedia.org/wiki/1995_Canadian_Grand_Prix,Canadian Grand Prix,1995-06-11,villeneuve,Canada
1995,7,http://en.wikipedia.org/wiki/1995_French_Grand_Prix,French Grand Prix,1995-07-02,magny_cours,France
1995,8,http://en.wikipedia.org/wiki/1995_British_Grand_Prix,British Grand Prix,1995-07-16,silverstone,UK
1995,9,http://en.wikipedia.org/wiki/1995_German_Grand_Prix,German Grand Prix,1995-07-30,hockenheimring,Germany
1995,10,http://en.wikipedia.org/wiki/1995_Hungarian_Grand_Prix,Hungarian Grand Prix,1995-08-13,hungaroring,Hungary
1995,11,http://en.wikipedia.org/wiki/1995_Belgian_Grand_Prix,Belgian Grand Prix,1995-08-27,spa,Belgium
1995,12,http://en.wikipedia.org/wiki/1995_Italian_Grand_Prix,Italian Grand Prix,1995-09-10,monza,Italy
1995,13,http://en.wikipedia.org/wiki/1995_Portuguese_Grand_Prix,Portuguese Grand Prix,1995-09-24,estoril,Portugal
1995,14,http://en.wikipedia.org/wiki/1995_European_Grand_Prix,European Grand Prix,1995-10-01,nurburgring,Germany
1995,15,http://en.wikipedia.org/wiki/1995_Pacific_Grand_Prix,Pacific Grand Prix,1995-10-22,okayama,Japan
1995,16,http://en.wikipedia.org/wiki/1995_Japanese_Grand_Prix,Japanese Grand Prix,1995-10-29,suzuka,Japan
1995,17,http://en.wikipedia.org/wiki/1995_Australian_Grand_Prix,Australian Grand Prix,1995-11-12,adelaide,Australia
1996,1,http://en.wikipedia.org/wiki/1996_Australian_Grand_Prix,Australian Grand Prix,1996-03-10,albert_park,Australia
1996,2,http://en.wikipedia.org/wiki/1996_Brazilian_Grand_Prix,Brazilian Grand Prix,1996-03-31,interlagos,Brazil
1996,3,http://en.wikipedia.org/wiki/1996_Argentine_Grand_Prix,Argentine Grand Prix,1996-04-07,galvez,Argentina
1996,4,http://en.wikipedia.org/wiki/1996_European_Grand_Prix,European Grand Prix,1996-04-28,nurburgring,Germany
1996,5,http://en.wikipedia.org/wiki/1996_San_Marino_Grand_Prix,San Marino Grand Prix,1996-05-05,imola,Italy
1996,6,http://en.wikipedia.org/wiki/1996_Monaco_Grand_Prix,Monaco Grand Prix,1996-05-19,monaco,Monaco
1996,7,http://en.wikipedia.org/wiki/1996_Spanish_Grand_Prix,Spanish Grand Prix,1996-06-02,catalunya,Spain
1996,8,http://en.wikipedia.org/wiki/1996_Canadian_Grand_Prix,Canadian Grand Prix,1996-06-16,villeneuve,Canada
1996,9,http://en.wikipedia.org/wiki/1996_French_Grand_Prix,French Grand Prix,1996-06-30,magny_cours,France
1996,10,http://en.wikipedia.org/wiki/1996_British_Grand_Prix,British Grand Prix,1996-07-14,silverstone,UK
1996,11,http://en.wikipedia.org/wiki/1996_German_Grand_Prix,German Grand Prix,1996-07-28,hockenheimring,Germany
1996,12,http://en.wikipedia.org/wiki/1996_Hungarian_Grand_Prix,Hungarian Grand Prix,1996-08-11,hungaroring,Hungary
1996,13,http://en.wikipedia.org/wiki/1996_Belgian_Grand_Prix,Belgian Grand Prix,1996-08-25,spa,Belgium
1996,14,http://en.wikipedia.org/wiki/1996_Italian_Grand_Prix,Italian Grand Prix,1996-09-08,monza,Italy
1996,15,http://en.wikipedia.org/wiki/1996_Portuguese_Grand_Prix,Portuguese Grand Prix,1996-09-22,estoril,Portugal
1996,16,http://en.wikipedia.org/wiki/1996_Japanese_Grand_Prix,Japanese Grand Prix,1996-10-13,suzuka,Japan
1997,1,http://en.wikipedia.org/wiki/1997_Australian_Grand_Prix,Australian Grand Prix,1997-03-09,albert_park,Australia
1997,2,http://en.wikipedia.org/wiki/1997_Brazilian_Grand_Prix,Brazilian Grand Prix,1997-03-30,interlagos,Brazil
1997,3,http://en.wikipedia.org/wiki/1997_Argentine_Grand_Prix,Argentine Grand Prix,1997-04-13,galvez,Argentina
1997,4,http://en.wikipedia.org/wiki/1997_San_Marino_Grand_Prix,San Marino Grand Prix,1997-04-27,imola,Italy
1997,5,http://en.wikipedia.org/wiki/1997_Monaco_Grand_Prix,Monaco Grand Prix,1997-05-11,monaco,Monaco
1997,6,http://en.wikipedia.org/wiki/1997_Spanish_Grand_Prix,Spanish Grand Prix,1997-05-25,catalunya,Spain
1997,7,http://en.wikipedia.org/wiki/1997_Canadian_Grand_Prix,Canadian Grand Prix,1997-06-15,villeneuve,Canada
1997,8,http://en.wikipedia.org/wiki/1997_French_Grand_Prix,French Grand Prix,1997-06-29,magny_cours,France
1997,9,http://en.wikipedia.org/wiki/1997_British_Grand_Prix,British Grand Prix,1997-07-13,silverstone,UK
1997,10,http://en.wikipedia.org/wiki/1997_German_Grand_Prix,German Grand Prix,1997-07-27,hockenheimring,Germany
1997,11,http://en.wikipedia.org/wiki/1997_Hungarian_Grand_Prix,Hungarian Grand Prix,1997-08-10,hungaroring,Hungary
1997,12,http://en.wikipedia.org/wiki/1997_Belgian_Grand_Prix,Belgian Grand Prix,1997-08-24,spa,Belgium
1997,13,http://en.wikipedia.org/wiki/1997_Italian_Grand_Prix,Italian Grand Prix,1997-09-07,monza,Italy
1997,14,http://en.wikipedia.org/wiki/1997_Austrian_Grand_Prix,Austrian Grand Prix,1997-09-21,red_bull_ring,Austria
1997,15,http://en.wikipedia.org/wiki/1997_Luxembourg_Grand_Prix,Luxembourg Grand Prix,1997-09-28,nurburgring,Germany
1997,16,http://en.wikipedia.org/wiki/1997_Japanese_Grand_Prix,Japanese Grand Prix,1997-10-12,suzuka,Japan
1997,17,http://en.wikipedia.org/wiki/1997_European_Grand_Prix,European Grand Prix,1997-10-26,jerez,Spain
1998,1,http://en.wikipedia.org/wiki/1998_Australian_Grand_Prix,Australian Grand Prix,1998-03-08,albert_park,Australia
1998,2,http://en.wikipedia.org/wiki/1998_Brazilian_Grand_Prix,Brazilian Grand Prix,1998-03-29,interlagos,Brazil
1998,3,http://en.wikipedia.org/wiki/1998_Argentine_Grand_Prix,Argentine Grand Prix,1998-04-12,galvez,Argentina
1998,4,http://en.wikipedia.org/wiki/1998_San_Marino_Grand_Prix,San Marino Grand Prix,1998-04-26,imola,Italy
1998,5,http://en.wikipedia.org/wiki/1998_Spanish_Grand_Prix,Spanish Grand Prix,1998-05-10,catalunya,Spain
1998,6,http://en.wikipedia.org/wiki/1998_Monaco_Grand_Prix,Monaco Grand Prix,1998-05-24,monaco,Monaco
1998,7,http://en.wikipedia.org/wiki/1998_Canadian_Grand_Prix,Canadian Grand Prix,1998-06-07,villeneuve,Canada
1998,8,http://en.wikipedia.org/wiki/1998_French_Grand_Prix,French Grand Prix,1998-06-28,magny_cours,France
1998,9,http://en.wikipedia.org/wiki/1998_British_Grand_Prix,British Grand Prix,1998-07-12,silverstone,UK
1998,10,http://en.wikipedia.org/wiki/1998_Austrian_Grand_Prix,Austrian Grand Prix,1998-07-26,red_bull_ring,Austria
1998,11,http://en.wikipedia.org/wiki/1998_German_Grand_Prix,German Grand Prix,1998-08-02,hockenheimring,Germany
1998,12,http://en.wikipedia.org/wiki/1998_Hungarian_Grand_Prix,Hungarian Grand Prix,1998-08-16,hungaroring,Hungary
1998,13,http://en.wikipedia.org/wiki/1998_Belgian_Grand_Prix,Belgian Grand Prix,1998-08-30,spa,Belgium
1998,14,http://en.wikipedia.org/wiki/1998_Italian_Grand_Prix,Italian Grand Prix,1998-09-13,monza,Italy
1998,15,http://en.wikipedia.org/wiki/1998_Luxembourg_Grand_Prix,Luxembourg Grand Prix,1998-09-27,nurburgring,Germany
1998,16,http://en.wikipedia.org/wiki/1998_Japanese_Grand_Prix,Japanese Grand Prix,1998-11-01,suzuka,Japan
1999,1,http://en.wikipedia.org/wiki/1999_Australian_Grand_Prix,Australian Grand Prix,1999-03-07,albert_park,Australia
1999,2,http://en.wikipedia.org/wiki/1999_Brazilian_Grand_Prix,Brazilian Grand Prix,1999-04-11,interlagos,Brazil
1999,3,http://en.wikipedia.org/wiki/1999_San_Marino_Grand_Prix,San Marino Grand Prix,1999-05-02,imola,Italy
1999,4,http://en.wikipedia.org/wiki/1999_Monaco_Grand_Prix,Monaco Grand Prix,1999-05-16,monaco,Monaco
1999,5,http://en.wikipedia.org/wiki/1999_Spanish_Grand_Prix,Spanish Grand Prix,1999-05-30,catalunya,Spain
1999,6,http://en.wikipedia.org/wiki/1999_Canadian_Grand_Prix,Canadian Grand Prix,1999-06-13,villeneuve,Canada
1999,7,http://en.wikipedia.org/wiki/1999_French_Grand_Prix,French Grand Prix,1999-06-27,magny_cours,France
1999,8,http://en.wikipedia.org/wiki/1999_British_Grand_Prix,British Grand Prix,1999-07-11,silverstone,UK
1999,9,http://en.wikipedia.org/wiki/1999_Austrian_Grand_Prix,Austrian Grand Prix,1999-07-25,red_bull_ring,Austria
1999,10,http://en.wikipedia.org/wiki/1999_German_Grand_Prix,German Grand Prix,1999-08-01,hockenheimring,Germany
1999,11,http://en.wikipedia.org/wiki/1999_Hungarian_Grand_Prix,Hungarian Grand Prix,1999-08-15,hungaroring,Hungary
1999,12,http://en.wikipedia.org/wiki/1999_Belgian_Grand_Prix,Belgian Grand Prix,1999-08-29,spa,Belgium
1999,13,http://en.wikipedia.org/wiki/1999_Italian_Grand_Prix,Italian Grand Prix,1999-09-12,monza,Italy
1999,14,http://en.wikipedia.org/wiki/1999_European_Grand_Prix,European Grand Prix,1999-09-26,nurburgring,Germany
1999,15,http://en.wikipedia.org/wiki/1999_Malaysian_Grand_Prix,Malaysian Grand Prix,1999-10-17,sepang,Malaysia
1999,16,http://en.wikipedia.org/wiki/1999_Japanese_Grand_Prix,Japanese Grand Prix,1999-10-31,suzuka,Japan
2000,1,http://en.wikipedia.org/wiki/2000_Australian_Grand_Prix,Australian Grand Prix,2000-03-12,albert_park,Australia
2000,2,http://en.wikipedia.org/wiki/2000_Brazilian_Grand_Prix,Brazilian Grand Prix,2000-03-26,interlagos,Brazil
2000,3,http://en.wikipedia.org/wiki/2000_San_Marino_Grand_Prix,San Marino Grand Prix,2000-04-09,imola,Italy
2000,4,http://en.wikipedia.org/wiki/2000_British_Grand_Prix,British Grand Prix,2000-04-23,silverstone,UK
2000,5,http://en.wikipedia.org/wiki/2000_Spanish_Grand_Prix,Spanish Grand Prix,2000-05-07,catalunya,Spain
2000,6,http://en.wikipedia.org/wiki/2000_European_Grand_Prix,European Grand Prix,2000-05-21,nurburgring,Germany
2000,7,http://en.wikipedia.org/wiki/2000_Monaco_Grand_Prix,Monaco Grand Prix,2000-06-04,monaco,Monaco
2000,8,http://en.wikipedia.org/wiki/2000_Canadian_Grand_Prix,Canadian Grand Prix,2000-06-18,villeneuve,Canada
2000,9,http://en.wikipedia.org/wiki/2000_French_Grand_Prix,French Grand Prix,2000-07-02,magny_cours,France
2000,10,http://en.wikipedia.org/wiki/2000_Austrian_Grand_Prix,Austrian Grand Prix,2000-07-16,red_bull_ring,Austria
2000,11,http://en.wikipedia.org/wiki/2000_German_Grand_Prix,German Grand Prix,2000-07-30,hockenheimring,Germany
2000,12,http://en.wikipedia.org/wiki/2000_Hungarian_Grand_Prix,Hungarian Grand Prix,2000-08-13,hungaroring,Hungary
2000,13,http://en.wikipedia.org/wiki/2000_Belgian_Grand_Prix,Belgian Grand Prix,2000-08-27,spa,Belgium
2000,14,http://en.wikipedia.org/wiki/2000_Italian_Grand_Prix,Italian Grand Prix,2000-09-10,monza,Italy
2000,15,http://en.wikipedia.org/wiki/2000_United_States_Grand_Prix,United States Grand Prix,2000-09-24,indianapolis,USA
2000,16,http://en.wikipedia.org/wiki/2000_Japanese_Grand_Prix,Japanese Grand Prix,2000-10-08,suzuka,Japan
2000,17,http://en.wikipedia.org/wiki/2000_Malaysian_Grand_Prix,Malaysian Grand Prix,2000-10-22,sepang,Malaysia
2001,1,http://en.wikipedia.org/wiki/2001_Australian_Grand_Prix,Australian Grand Prix,2001-03-04,albert_park,Australia
2001,2,http://en.wikipedia.org/wiki/2001_Malaysian_Grand_Prix,Malaysian Grand Prix,2001-03-18,sepang,Malaysia
2001,3,http://en.wikipedia.org/wiki/2001_Brazilian_Grand_Prix,Brazilian Grand Prix,2001-04-01,interlagos,Brazil
2001,4,http://en.wikipedia.org/wiki/2001_San_Marino_Grand_Prix,San Marino Grand Prix,2001-04-15,imola,Italy
2001,5,http://en.wikipedia.org/wiki/2001_Spanish_Grand_Prix,Spanish Grand Prix,2001-04-29,catalunya,Spain
2001,6,http://en.wikipedia.org/wiki/2001_Austrian_Grand_Prix,Austrian Grand Prix,2001-05-13,red_bull_ring,Austria
2001,7,http://en.wikipedia.org/wiki/2001_Monaco_Grand_Prix,Monaco Grand Prix,2001-05-27,monaco,Monaco
2001,8,http://en.wikipedia.org/wiki/2001_Canadian_Grand_Prix,Canadian Grand Prix,2001-06-10,villeneuve,Canada
2001,9,http://en.wikipedia.org/wiki/2001_European_Grand_Prix,European Grand Prix,2001-06-24,nurburgring,Germany
2001,10,http://en.wikipedia.org/wiki/2001_French_Grand_Prix,French Grand Prix,2001-07-01,magny_cours,France
2001,11,http://en.wikipedia.org/wiki/2001_British_Grand_Prix,British Grand Prix,2001-07-15,silverstone,UK
2001,12,http://en.wikipedia.org/wiki/2001_German_Grand_Prix,German Grand Prix,2001-07-29,hockenheimring,Germany
2001,13,http://en.wikipedia.org/wiki/2001_Hungarian_Grand_Prix,Hungarian Grand Prix,2001-08-19,hungaroring,Hungary
2001,14,http://en.wikipedia.org/wiki/2001_Belgian_Grand_Prix,Belgian Grand Prix,2001-09-02,spa,Belgium
2001,15,http://en.wikipedia.org/wiki/2001_Italian_Grand_Prix,Italian Grand Prix,2001-09-16,monza,Italy
2001,16,http://en.wikipedia.org/wiki/2001_United_States_Grand_Prix,United States Grand Prix,2001-09-30,indianapolis,USA
2001,17,http://en.wikipedia.org/wiki/2001_Japanese_Grand_Prix,Japanese Grand Prix,2001-10-14,suzuka,Japan
2002,1,http://en.wikipedia.org/wiki/2002_Australian_Grand_Prix,Australian Grand Prix,2002-03-03,albert_park,Australia
2002,2,http://en.wikipedia.org/wiki/2002_Malaysian_Grand_Prix,Malaysian Grand Prix,2002-03-17,sepang,Malaysia
2002,3,http://en.wikipedia.org/wiki/2002_Brazilian_Grand_Prix,Brazilian Grand Prix,2002-03-31,interlagos,Brazil
2002,4,http://en.wikipedia.org/wiki/2002_San_Marino_Grand_Prix,San Marino Grand Prix,2002-04-14,imola,Italy
2002,5,http://en.wikipedia.org/wiki/2002_Spanish_Grand_Prix,Spanish Grand Prix,2002-04-28,catalunya,Spain
2002,6,http://en.wikipedia.org/wiki/2002_Austrian_Grand_Prix,Austrian Grand Prix,2002-05-12,red_bull_ring,Austria
2002,7,http://en.wikipedia.org/wiki/2002_Monaco_Grand_Prix,Monaco Grand Prix,2002-05-26,monaco,Monaco
2002,8,http://en.wikipedia.org/wiki/2002_Canadian_Grand_Prix,Canadian Grand Prix,2002-06-09,villeneuve,Canada
2002,9,http://en.wikipedia.org/wiki/2002_European_Grand_Prix,European Grand Prix,2002-06-23,nurburgring,Germany
2002,10,http://en.wikipedia.org/wiki/2002_British_Grand_Prix,British Grand Prix,2002-07-07,silverstone,UK
2002,11,http://en.wikipedia.org/wiki/2002_French_Grand_Prix,French Grand Prix,2002-07-21,magny_cours,France
2002,12,http://en.wikipedia.org/wiki/2002_German_Grand_Prix,German Grand Prix,2002-07-28,hockenheimring,Germany
2002,13,http://en.wikipedia.org/wiki/2002_Hungarian_Grand_Prix,Hungarian Grand Prix,2002-08-18,hungaroring,Hungary
2002,14,http://en.wikipedia.org/wiki/2002_Belgian_Grand_Prix,Belgian Grand Prix,2002-09-01,spa,Belgium
2002,15,http://en.wikipedia.org/wiki/2002_Italian_Grand_Prix,Italian Grand Prix,2002-09-15,monza,Italy
2002,16,http://en.wikipedia.org/wiki/2002_United_States_Grand_Prix,United States Grand Prix,2002-09-29,indianapolis,USA
2002,17,http://en.wikipedia.org/wiki/2002_Japanese_Grand_Prix,Japanese Grand Prix,2002-10-13,suzuka,Japan
2003,1,http://en.wikipedia.org/wiki/2003_Australian_Grand_Prix,Australian Grand Prix,2003-03-09,albert_park,Australia
2003,2,http://en.wikipedia.org/wiki/2003_Malaysian_Grand_Prix,Malaysian Grand Prix,2003-03-23,sepang,Malaysia
2003,3,http://en.wikipedia.org/wiki/2003_Brazilian_Grand_Prix,Brazilian Grand Prix,2003-04-06,interlagos,Brazil
2003,4,http://en.wikipedia.org/wiki/2003_San_Marino_Grand_Prix,San Marino Grand Prix,2003-04-20,imola,Italy
2003,5,http://en.wikipedia.org/wiki/2003_Spanish_Grand_Prix,Spanish Grand Prix,2003-05-04,catalunya,Spain
2003,6,http://en.wikipedia.org/wiki/2003_Austrian_Grand_Prix,Austrian Grand Prix,2003-05-18,red_bull_ring,Austria
2003,7,http://en.wikipedia.org/wiki/2003_Monaco_Grand_Prix,Monaco Grand Prix,2003-06-01,monaco,Monaco
2003,8,http://en.wikipedia.org/wiki/2003_Canadian_Grand_Prix,Canadian Grand Prix,2003-06-15,villeneuve,Canada
2003,9,http://en.wikipedia.org/wiki/2003_European_Grand_Prix,European Grand Prix,2003-06-29,nurburgring,Germany
2003,10,http://en.wikipedia.org/wiki/2003_French_Grand_Prix,French Grand Prix,2003-07-06,magny_cours,France
2003,11,http://en.wikipedia.org/wiki/2003_British_Grand_Prix,British Grand Prix,2003-07-20,silverstone,UK
2003,12,http://en.wikipedia.org/wiki/2003_German_Grand_Prix,German Grand Prix,2003-08-03,hockenheimring,Germany
2003,13,http://en.wikipedia.org/wiki/2003_Hungarian_Grand_Prix,Hungarian Grand Prix,2003-08-24,hungaroring,Hungary
2003,14,http://en.wikipedia.org/wiki/2003_Italian_Grand_Prix,Italian Grand Prix,2003-09-14,monza,Italy
2003,15,http://en.wikipedia.org/wiki/2003_United_States_Grand_Prix,United States Grand Prix,2003-09-28,indianapolis,USA
2003,16,http://en.wikipedia.org/wiki/2003_Japanese_Grand_Prix,Japanese Grand Prix,2003-10-12,suzuka,Japan
2004,1,http://en.wikipedia.org/wiki/2004_Australian_Grand_Prix,Australian Grand Prix,2004-03-07,albert_park,Australia
2004,2,http://en.wikipedia.org/wiki/2004_Malaysian_Grand_Prix,Malaysian Grand Prix,2004-03-21,sepang,Malaysia
2004,3,http://en.wikipedia.org/wiki/2004_Bahrain_Grand_Prix,Bahrain Grand Prix,2004-04-04,bahrain,Bahrain
2004,4,http://en.wikipedia.org/wiki/2004_San_Marino_Grand_Prix,San Marino Grand Prix,2004-04-25,imola,Italy
2004,5,http://en.wikipedia.org/wiki/2004_Spanish_Grand_Prix,Spanish Grand Prix,2004-05-09,catalunya,Spain
2004,6,http://en.wikipedia.org/wiki/2004_Monaco_Grand_Prix,Monaco Grand Prix,2004-05-23,monaco,Monaco
2004,7,http://en.wikipedia.org/wiki/2004_European_Grand_Prix,European Grand Prix,2004-05-30,nurburgring,Germany
2004,8,http://en.wikipedia.org/wiki/2004_Canadian_Grand_Prix,Canadian Grand Prix,2004-06-13,villeneuve,Canada
2004,9,http://en.wikipedia.org/wiki/2004_United_States_Grand_Prix,United States Grand Prix,2004-06-20,indianapolis,USA
2004,10,http://en.wikipedia.org/wiki/2004_French_Grand_Prix,French Grand Prix,2004-07-04,magny_cours,France
2004,11,http://en.wikipedia.org/wiki/2004_British_Grand_Prix,British Grand Prix,2004-07-11,silverstone,UK
2004,12,http://en.wikipedia.org/wiki/2004_German_Grand_Prix,German Grand Prix,2004-07-25,hockenheimring,Germany
2004,13,http://en.wikipedia.org/wiki/2004_Hungarian_Grand_Prix,Hungarian Grand Prix,2004-08-15,hungaroring,Hungary
2004,14,http://en.wikipedia.org/wiki/2004_Belgian_Grand_Prix,Belgian Grand Prix,2004-08-29,spa,Belgium
2004,15,http://en.wikipedia.org/wiki/2004_Italian_Grand_Prix,Italian Grand Prix,2004-09-12,monza,Italy
2004,16,http://en.wikipedia.org/wiki/2004_Chinese_Grand_Prix,Chinese Grand Prix,2004-09-26,shanghai,China
2004,17,http://en.wikipedia.org/wiki/2004_Japanese_Grand_Prix,Japanese Grand Prix,2004-10-10,suzuka,Japan
2004,18,http://en.wikipedia.org/wiki/2004_Brazilian_Grand_Prix,Brazilian Grand Prix,2004-10-24,interlagos,Brazil
2005,1,http://en.wikipedia.org/wiki/2005_Australian_Grand_Prix,Australian Grand Prix,2005-03-06,albert_park,Australia
2005,2,http://en.wikipedia.org/wiki/2005_Malaysian_Grand_Prix,Malaysian Grand Prix,2005-03-20,sepang,Malaysia
2005,3,http://en.wikipedia.org/wiki/2005_Bahrain_Grand_Prix,Bahrain Grand Prix,2005-04-03,bahrain,Bahrain
2005,4,http://en.wikipedia.org/wiki/2005_San_Marino_Grand_Prix,San Marino Grand Prix,2005-04-24,imola,Italy
2005,5,http://en.wikipedia.org/wiki/2005_Spanish_Grand_Prix,Spanish Grand Prix,2005-05-08,catalunya,Spain
2005,6,http://en.wikipedia.org/wiki/2005_Monaco_Grand_Prix,Monaco Grand Prix,2005-05-22,monaco,Monaco
2005,7,http://en.wikipedia.org/wiki/2005_European_Grand_Prix,European Grand Prix,2005-05-29,nurburgring,Germany
2005,8,http://en.wikipedia.org/wiki/2005_Canadian_Grand_Prix,Canadian Grand Prix,2005-06-12,villeneuve,Canada
2005,9,http://en.wikipedia.org/wiki/2005_United_States_Grand_Prix,United States Grand Prix,2005-06-19,indianapolis,USA
2005,10,http://en.wikipedia.org/wiki/2005_French_Grand_Prix,French Grand Prix,2005-07-03,magny_cours,France
2005,11,http://en.wikipedia.org/wiki/2005_British_Grand_Prix,British Grand Prix,2005-07-10,silverstone,UK
2005,12,http://en.wikipedia.org/wiki/2005_German_Grand_Prix,German Grand Prix,2005-07-24,hockenheimring,Germany
2005,13,http://en.wikipedia.org/wiki/2005_Hungarian_Grand_Prix,Hungarian Grand Prix,2005-07-31,hungaroring,Hungary
2005,14,http://en.wikipedia.org/wiki/2005_Turkish_Grand_Prix,Turkish Grand Prix,2005-08-21,istanbul,Turkey
2005,15,http://en.wikipedia.org/wiki/2005_Italian_Grand_Prix,Italian Grand Prix,2005-09-04,monza,Italy
2005,16,http://en.wikipedia.org/wiki/2005_Belgian_Grand_Prix,Belgian Grand Prix,2005-09-11,spa,Belgium
2005,17,http://en.wikipedia.org/wiki/2005_Brazilian_Grand_Prix,Brazilian Grand Prix,2005-09-25,interlagos,Brazil
2005,18,http://en.wikipedia.org/wiki/2005_Japanese_Grand_Prix,Japanese Grand Prix,2005-10-09,suzuka,Japan
2005,19,http://en.wikipedia.org/wiki/2005_Chinese_Grand_Prix,Chinese Grand Prix,2005-10-16,shanghai,China
2006,1,http://en.wikipedia.org/wiki/2006_Bahrain_Grand_Prix,Bahrain Grand Prix,2006-03-12,bahrain,Bahrain
2006,2,http://en.wikipedia.org/wiki/2006_Malaysian_Grand_Prix,Malaysian Grand Prix,2006-03-19,sepang,Malaysia
2006,3,http://en.wikipedia.org/wiki/2006_Australian_Grand_Prix,Australian Grand Prix,2006-04-02,albert_park,Australia
2006,4,http://en.wikipedia.org/wiki/2006_San_Marino_Grand_Prix,San Marino Grand Prix,2006-04-23,imola,Italy
2006,5,http://en.wikipedia.org/wiki/2006_European_Grand_Prix,European Grand Prix,2006-05-07,nurburgring,Germany
2006,6,http://en.wikipedia.org/wiki/2006_Spanish_Grand_Prix,Spanish Grand Prix,2006-05-14,catalunya,Spain
2006,7,http://en.wikipedia.org/wiki/2006_Monaco_Grand_Prix,Monaco Grand Prix,2006-05-28,monaco,Monaco
2006,8,http://en.wikipedia.org/wiki/2006_British_Grand_Prix,British Grand Prix,2006-06-11,silverstone,UK
2006,9,http://en.wikipedia.org/wiki/2006_Canadian_Grand_Prix,Canadian Grand Prix,2006-06-25,villeneuve,Canada
2006,10,http://en.wikipedia.org/wiki/2006_United_States_Grand_Prix,United States Grand Prix,2006-07-02,indianapolis,USA
2006,11,http://en.wikipedia.org/wiki/2006_French_Grand_Prix,French Grand Prix,2006-07-16,magny_cours,France
2006,12,http://en.wikipedia.org/wiki/2006_German_Grand_Prix,German Grand Prix,2006-07-30,hockenheimring,Germany
2006,13,http://en.wikipedia.org/wiki/2006_Hungarian_Grand_Prix,Hungarian Grand Prix,2006-08-06,hungaroring,Hungary
2006,14,http://en.wikipedia.org/wiki/2006_Turkish_Grand_Prix,Turkish Grand Prix,2006-08-27,istanbul,Turkey
2006,15,http://en.wikipedia.org/wiki/2006_Italian_Grand_Prix,Italian Grand Prix,2006-09-10,monza,Italy
2006,16,http://en.wikipedia.org/wiki/2006_Chinese_Grand_Prix,Chinese Grand Prix,2006-10-01,shanghai,China
2006,17,http://en.wikipedia.org/wiki/2006_Japanese_Grand_Prix,Japanese Grand Prix,2006-10-08,suzuka,Japan
2006,18,http://en.wikipedia.org/wiki/2006_Brazilian_Grand_Prix,Brazilian Grand Prix,2006-10-22,interlagos,Brazil
2007,1,http://en.wikipedia.org/wiki/2007_Australian_Grand_Prix,Australian Grand Prix,2007-03-18,albert_park,Australia
2007,2,http://en.wikipedia.org/wiki/2007_Malaysian_Grand_Prix,Malaysian Grand Prix,2007-04-08,sepang,Malaysia
2007,3,http://en.wikipedia.org/wiki/2007_Bahrain_Grand_Prix,Bahrain Grand Prix,2007-04-15,bahrain,Bahrain
2007,4,http://en.wikipedia.org/wiki/2007_Spanish_Grand_Prix,Spanish Grand Prix,2007-05-13,catalunya,Spain
2007,5,http://en.wikipedia.org/wiki/2007_Monaco_Grand_Prix,Monaco Grand Prix,2007-05-27,monaco,Monaco
2007,6,http://en.wikipedia.org/wiki/2007_Canadian_Grand_Prix,Canadian Grand Prix,2007-06-10,villeneuve,Canada
2007,7,http://en.wikipedia.org/wiki/2007_United_States_Grand_Prix,United States Grand Prix,2007-06-17,indianapolis,USA
2007,8,http://en.wikipedia.org/wiki/2007_French_Grand_Prix,French Grand Prix,2007-07-01,magny_cours,France
2007,9,http://en.wikipedia.org/wiki/2007_British_Grand_Prix,British Grand Prix,2007-07-08,silverstone,UK
2007,10,http://en.wikipedia.org/wiki/2007_European_Grand_Prix,European Grand Prix,2007-07-22,nurburgring,Germany
2007,11,http://en.wikipedia.org/wiki/2007_Hungarian_Grand_Prix,Hungarian Grand Prix,2007-08-05,hungaroring,Hungary
2007,12,http://en.wikipedia.org/wiki/2007_Turkish_Grand_Prix,Turkish Grand Prix,2007-08-26,istanbul,Turkey
2007,13,http://en.wikipedia.org/wiki/2007_Italian_Grand_Prix,Italian Grand Prix,2007-09-09,monza,Italy
2007,14,http://en.wikipedia.org/wiki/2007_Belgian_Grand_Prix,Belgian Grand Prix,2007-09-16,spa,Belgium
2007,15,http://en.wikipedia.org/wiki/2007_Japanese_Grand_Prix,Japanese Grand Prix,2007-09-30,fuji,Japan
2007,16,http://en.wikipedia.org/wiki/2007_Chinese_Grand_Prix,Chinese Grand Prix,2007-10-07,shanghai,China
2007,17,http://en.wikipedia.org/wiki/2007_Brazilian_Grand_Prix,Brazilian Grand Prix,2007-10-21,interlagos,Brazil
2008,1,http://en.wikipedia.org/wiki/2008_Australian_Grand_Prix,Australian Grand Prix,2008-03-16,albert_park,Australia
2008,2,http://en.wikipedia.org/wiki/2008_Malaysian_Grand_Prix,Malaysian Grand Prix,2008-03-23,sepang,Malaysia
2008,3,http://en.wikipedia.org/wiki/2008_Bahrain_Grand_Prix,Bahrain Grand Prix,2008-04-06,bahrain,Bahrain
2008,4,http://en.wikipedia.org/wiki/2008_Spanish_Grand_Prix,Spanish Grand Prix,2008-04-27,catalunya,Spain
2008,5,http://en.wikipedia.org/wiki/2008_Turkish_Grand_Prix,Turkish Grand Prix,2008-05-11,istanbul,Turkey
2008,6,http://en.wikipedia.org/wiki/2008_Monaco_Grand_Prix,Monaco Grand Prix,2008-05-25,monaco,Monaco
2008,7,http://en.wikipedia.org/wiki/2008_Canadian_Grand_Prix,Canadian Grand Prix,2008-06-08,villeneuve,Canada
2008,8,http://en.wikipedia.org/wiki/2008_French_Grand_Prix,French Grand Prix,2008-06-22,magny_cours,France
2008,9,http://en.wikipedia.org/wiki/2008_British_Grand_Prix,British Grand Prix,2008-07-06,silverstone,UK
2008,10,http://en.wikipedia.org/wiki/2008_German_Grand_Prix,German Grand Prix,2008-07-20,hockenheimring,Germany
2008,11,http://en.wikipedia.org/wiki/2008_Hungarian_Grand_Prix,Hungarian Grand Prix,2008-08-03,hungaroring,Hungary
2008,12,http://en.wikipedia.org/wiki/2008_European_Grand_Prix,European Grand Prix,2008-08-24,valencia,Spain
2008,13,http://en.wikipedia.org/wiki/2008_Belgian_Grand_Prix,Belgian Grand Prix,2008-09-07,spa,Belgium
2008,14,http://en.wikipedia.org/wiki/2008_Italian_Grand_Prix,Italian Grand Prix,2008-09-14,monza,Italy
2008,15,http://en.wikipedia.org/wiki/2008_Singapore_Grand_Prix,Singapore Grand Prix,2008-09-28,marina_bay,Singapore
2008,16,http://en.wikipedia.org/wiki/2008_Japanese_Grand_Prix,Japanese Grand Prix,2008-10-12,fuji,Japan
2008,17,http://en.wikipedia.org/wiki/2008_Chinese_Grand_Prix,Chinese Grand Prix,2008-10-19,shanghai,China
2008,18,http://en.wikipedia.org/wiki/2008_Brazilian_Grand_Prix,Brazilian Grand Prix,2008-11-02,interlagos,Brazil
2009,1,http://en.wikipedia.org/wiki/2009_Australian_Grand_Prix,Australian Grand Prix,2009-03-29,albert_park,Australia
2009,2,http://en.wikipedia.org/wiki/2009_Malaysian_Grand_Prix,Malaysian Grand Prix,2009-04-05,sepang,Malaysia
2009,3,http://en.wikipedia.org/wiki/2009_Chinese_Grand_Prix,Chinese Grand Prix,2009-04-19,shanghai,China
2009,4,http://en.wikipedia.org/wiki/2009_Bahrain_Grand_Prix,Bahrain Grand Prix,2009-04-26,bahrain,Bahrain
2009,5,http://en.wikipedia.org/wiki/2009_Spanish_Grand_Prix,Spanish Grand Prix,2009-05-10,catalunya,Spain
2009,6,http://en.wikipedia.org/wiki/2009_Monaco_Grand_Prix,Monaco Grand Prix,2009-05-24,monaco,Monaco
2009,7,http://en.wikipedia.org/wiki/2009_Turkish_Grand_Prix,Turkish Grand Prix,2009-06-07,istanbul,Turkey
2009,8,http://en.wikipedia.org/wiki/2009_British_Grand_Prix,British Grand Prix,2009-06-21,silverstone,UK
2009,9,http://en.wikipedia.org/wiki/2009_German_Grand_Prix,German Grand Prix,2009-07-12,nurburgring,Germany
2009,10,http://en.wikipedia.org/wiki/2009_Hungarian_Grand_Prix,Hungarian Grand Prix,2009-07-26,hungaroring,Hungary
2009,11,http://en.wikipedia.org/wiki/2009_European_Grand_Prix,European Grand Prix,2009-08-23,valencia,Spain
2009,12,http://en.wikipedia.org/wiki/2009_Belgian_Grand_Prix,Belgian Grand Prix,2009-08-30,spa,Belgium
2009,13,http://en.wikipedia.org/wiki/2009_Italian_Grand_Prix,Italian Grand Prix,2009-09-13,monza,Italy
2009,14,http://en.wikipedia.org/wiki/2009_Singapore_Grand_Prix,Singapore Grand Prix,2009-09-27,marina_bay,Singapore
2009,15,http://en.wikipedia.org/wiki/2009_Japanese_Grand_Prix,Japanese Grand Prix,2009-10-04,suzuka,Japan
2009,16,http://en.wikipedia.org/wiki/2009_Brazilian_Grand_Prix,Brazilian Grand Prix,2009-10-18,interlagos,Brazil
2009,17,http://en.wikipedia.org/wiki/2009_Abu_Dhabi_Grand_Prix,Abu Dhabi Grand Prix,2009-11-01,yas_marina,UAE
2010,1,http://en.wikipedia.org/wiki/2010_Bahrain_Grand_Prix,Bahrain Grand Prix,2010-03-14,bahrain,Bahrain
2010,2,http://en.wikipedia.org/wiki/2010_Australian_Grand_Prix,Australian Grand Prix,2010-03-28,albert_park,Australia
2010,3,http://en.wikipedia.org/wiki/2010_Malaysian_Grand_Prix,Malaysian Grand Prix,2010-04-04,sepang,Malaysia
2010,4,http://en.wikipedia.org/wiki/2010_Chinese_Grand_Prix,Chinese Grand Prix,2010-04-18,shanghai,China
2010,5,http://en.wikipedia.org/wiki/2010_Spanish_Grand_Prix,Spanish Grand Prix,2010-05-09,catalunya,Spain
2010,6,http://en.wikipedia.org/wiki/2010_Monaco_Grand_Prix,Monaco Grand Prix,2010-05-16,monaco,Monaco
2010,7,http://en.wikipedia.org/wiki/2010_Turkish_Grand_Prix,Turkish Grand Prix,2010-05-30,istanbul,Turkey
2010,8,http://en.wikipedia.org/wiki/2010_Canadian_Grand_Prix,Canadian Grand Prix,2010-06-13,villeneuve,Canada
2010,9,http://en.wikipedia.org/wiki/2010_European_Grand_Prix,European Grand Prix,2010-06-27,valencia,Spain
2010,10,http://en.wikipedia.org/wiki/2010_British_Grand_Prix,British Grand Prix,2010-07-11,silverstone,UK
2010,11,http://en.wikipedia.org/wiki/2010_German_Grand_Prix,German Grand Prix,2010-07-25,hockenheimring,Germany
2010,12,http://en.wikipedia.org/wiki/2010_Hungarian_Grand_Prix,Hungarian Grand Prix,2010-08-01,hungaroring,Hungary
2010,13,http://en.wikipedia.org/wiki/2010_Belgian_Grand_Prix,Belgian Grand Prix,2010-08-29,spa,Belgium
2010,14,http://en.wikipedia.org/wiki/2010_Italian_Grand_Prix,Italian Grand Prix,2010-09-12,monza,Italy
2010,15,http://en.wikipedia.org/wiki/2010_Singapore_Grand_Prix,Singapore Grand Prix,2010-09-26,marina_bay,Singapore
2010,16,http://en.wikipedia.org/wiki/2010_Japanese_Grand_Prix,Japanese Grand Prix,2010-10-10,suzuka,Japan
2010,17,http://en.wikipedia.org/wiki/2010_Korean_Grand_Prix,Korean Grand Prix,2010-10-24,yeongam,Korea
2010,18,http://en.wikipedia.org/wiki/2010_Brazilian_Grand_Prix,Brazilian Grand Prix,2010-11-07,interlagos,Brazil
2010,19,http://en.wikipedia.org/wiki/2010_Abu_Dhabi_Grand_Prix,Abu Dhabi Grand Prix,2010-11-14,yas_marina,UAE
2011,1,http://en.wikipedia.org/wiki/2011_Australian_Grand_Prix,Australian Grand Prix,2011-03-27,albert_park,Australia
2011,2,http://en.wikipedia.org/wiki/2011_Malaysian_Grand_Prix,Malaysian Grand Prix,2011-04-10,sepang,Malaysia
2011,3,http://en.wikipedia.org/wiki/2011_Chinese_Grand_Prix,Chinese Grand Prix,2011-04-17,shanghai,China
2011,4,http://en.wikipedia.org/wiki/2011_Turkish_Grand_Prix,Turkish Grand Prix,2011-05-08,istanbul,Turkey
2011,5,http://en.wikipedia.org/wiki/2011_Spanish_Grand_Prix,Spanish Grand Prix,2011-05-22,catalunya,Spain
2011,6,http://en.wikipedia.org/wiki/2011_Monaco_Grand_Prix,Monaco Grand Prix,2011-05-29,monaco,Monaco
2011,7,http://en.wikipedia.org/wiki/2011_Canadian_Grand_Prix,Canadian Grand Prix,2011-06-12,villeneuve,Canada
2011,8,http://en.wikipedia.org/wiki/2011_European_Grand_Prix,European Grand Prix,2011-06-26,valencia,Spain
2011,9,http://en.wikipedia.org/wiki/2011_British_Grand_Prix,British Grand Prix,2011-07-10,silverstone,UK
2011,10,http://en.wikipedia.org/wiki/2011_German_Grand_Prix,German Grand Prix,2011-07-24,nurburgring,Germany
2011,11,http://en.wikipedia.org/wiki/2011_Hungarian_Grand_Prix,Hungarian Grand Prix,2011-07-31,hungaroring,Hungary
2011,12,http://en.wikipedia.org/wiki/2011_Belgian_Grand_Prix,Belgian Grand Prix,2011-08-28,spa,Belgium
2011,13,http://en.wikipedia.org/wiki/2011_Italian_Grand_Prix,Italian Grand Prix,2011-09-11,monza,Italy
2011,14,http://en.wikipedia.org/wiki/2011_Singapore_Grand_Prix,Singapore Grand Prix,2011-09-25,marina_bay,Singapore
2011,15,http://en.wikipedia.org/wiki/2011_Japanese_Grand_Prix,Japanese Grand Prix,2011-10-09,suzuka,Japan
2011,16,http://en.wikipedia.org/wiki/2011_Korean_Grand_Prix,Korean Grand Prix,2011-10-16,yeongam,Korea
2011,17,http://en.wikipedia.org/wiki/2011_Indian_Grand_Prix,Indian Grand Prix,2011-10-30,buddh,India
2011,18,http://en.wikipedia.org/wiki/2011_Abu_Dhabi_Grand_Prix,Abu Dhabi Grand Prix,2011-11-13,yas_marina,UAE
2011,19,http://en.wikipedia.org/wiki/2011_Brazilian_Grand_Prix,Brazilian Grand Prix,2011-11-27,interlagos,Brazil
2012,1,http://en.wikipedia.org/wiki/2012_Australian_Grand_Prix,Australian Grand Prix,2012-03-18,albert_park,Australia
2012,2,http://en.wikipedia.org/wiki/2012_Malaysian_Grand_Prix,Malaysian Grand Prix,2012-03-25,sepang,Malaysia
2012,3,http://en.wikipedia.org/wiki/2012_Chinese_Grand_Prix,Chinese Grand Prix,2012-04-15,shanghai,China
2012,4,http://en.wikipedia.org/wiki/2012_Bahrain_Grand_Prix,Bahrain Grand Prix,2012-04-22,bahrain,Bahrain
2012,5,http://en.wikipedia.org/wiki/2012_Spanish_Grand_Prix,Spanish Grand Prix,2012-05-13,catalunya,Spain
2012,6,http://en.wikipedia.org/wiki/2012_Monaco_Grand_Prix,Monaco Grand Prix,2012-05-27,monaco,Monaco
2012,7,http://en.wikipedia.org/wiki/2012_Canadian_Grand_Prix,Canadian Grand Prix,2012-06-10,villeneuve,Canada
2012,8,http://en.wikipedia.org/wiki/2012_European_Grand_Prix,European Grand Prix,2012-06-24,valencia,Spain
2012,9,http://en.wikipedia.org/wiki/2012_British_Grand_Prix,British Grand Prix,2012-07-08,silverstone,UK
2012,10,http://en.wikipedia.org/wiki/2012_German_Grand_Prix,German Grand Prix,2012-07-22,hockenheimring,Germany
2012,11,http://en.wikipedia.org/wiki/2012_Hungarian_Grand_Prix,Hungarian Grand Prix,2012-07-29,hungaroring,Hungary
2012,12,http://en.wikipedia.org/wiki/2012_Belgian_Grand_Prix,Belgian Grand Prix,2012-09-02,spa,Belgium
2012,13,http://en.wikipedia.org/wiki/2012_Italian_Grand_Prix,Italian Grand Prix,2012-09-09,monza,Italy
2012,14,http://en.wikipedia.org/wiki/2012_Singapore_Grand_Prix,Singapore Grand Prix,2012-09-23,marina_bay,Singapore
2012,15,http://en.wikipedia.org/wiki/2012_Japanese_Grand_Prix,Japanese Grand Prix,2012-10-07,suzuka,Japan
2012,16,http://en.wikipedia.org/wiki/2012_Korean_Grand_Prix,Korean Grand Prix,2012-10-14,yeongam,Korea
2012,17,http://en.wikipedia.org/wiki/2012_Indian_Grand_Prix,Indian Grand Prix,2012-10-28,buddh,India
2012,18,http://en.wikipedia.org/wiki/2012_Abu_Dhabi_Grand_Prix,Abu Dhabi Grand Prix,2012-11-04,yas_marina,UAE
2012,19,http://en.wikipedia.org/wiki/2012_United_States_Grand_Prix,United States Grand Prix,2012-11-18,americas,USA
2012,20,http://en.wikipedia.org/wiki/2012_Brazilian_Grand_Prix,Brazilian Grand Prix,2012-11-25,interlagos,Brazil
2013,1,http://en.wikipedia.org/wiki/2013_Australian_Grand_Prix,Australian Grand Prix,2013-03-17,albert_park,Australia
2013,2,http://en.wikipedia.org/wiki/2013_Malaysian_Grand_Prix,Malaysian Grand Prix,2013-03-24,sepang,Malaysia
2013,3,http://en.wikipedia.org/wiki/2013_Chinese_Grand_Prix,Chinese Grand Prix,2013-04-14,shanghai,China
2013,4,http://en.wikipedia.org/wiki/2013_Bahrain_Grand_Prix,Bahrain Grand Prix,2013-04-21,bahrain,Bahrain
2013,5,http://en.wikipedia.org/wiki/2013_Spanish_Grand_Prix,Spanish Grand Prix,2013-05-12,catalunya,Spain
2013,6,http://en.wikipedia.org/wiki/2013_Monaco_Grand_Prix,Monaco Grand Prix,2013-05-26,monaco,Monaco
2013,7,http://en.wikipedia.org/wiki/2013_Canadian_Grand_Prix,Canadian Grand Prix,2013-06-09,villeneuve,Canada
2013,8,http://en.wikipedia.org/wiki/2013_British_Grand_Prix,British Grand Prix,2013-06-30,silverstone,UK
2013,9,http://en.wikipedia.org/wiki/2013_German_Grand_Prix,German Grand Prix,2013-07-07,nurburgring,Germany
2013,10,http://en.wikipedia.org/wiki/2013_Hungarian_Grand_Prix,Hungarian Grand Prix,2013-07-28,hungaroring,Hungary
2013,11,http://en.wikipedia.org/wiki/2013_Belgian_Grand_Prix,Belgian Grand Prix,2013-08-25,spa,Belgium
2013,12,http://en.wikipedia.org/wiki/2013_Italian_Grand_Prix,Italian Grand Prix,2013-09-08,monza,Italy
2013,13,http://en.wikipedia.org/wiki/2013_Singapore_Grand_Prix,Singapore Grand Prix,2013-09-22,marina_bay,Singapore
2013,14,http://en.wikipedia.org/wiki/2013_Korean_Grand_Prix,Korean Grand Prix,2013-10-06,yeongam,Korea
2013,15,http://en.wikipedia.org/wiki/2013_Japanese_Grand_Prix,Japanese Grand Prix,2013-10-13,suzuka,Japan
2013,16,http://en.wikipedia.org/wiki/2013_Indian_Grand_Prix,Indian Grand Prix,2013-10-27,buddh,India
2013,17,http://en.wikipedia.org/wiki/2013_Abu_Dhabi_Grand_Prix,Abu Dhabi Grand Prix,2013-11-03,yas_marina,UAE
2013,18,http://en.wikipedia.org/wiki/2013_United_States_Grand_Prix,United States Grand Prix,2013-11-17,americas,USA
2013,19,http://en.wikipedia.org/wiki/2013_Brazilian_Grand_Prix,Brazilian Grand Prix,2013-11-24,interlagos,Brazil
2014,1,http://en.wikipedia.org/wiki/2014_Australian_Grand_Prix,Australian Grand Prix,2014-03-16,albert_park,Australia
2014,2,http://en.wikipedia.org/wiki/2014_Malaysian_Grand_Prix,Malaysian Grand Prix,2014-03-30,sepang,Malaysia
2014,3,http://en.wikipedia.org/wiki/2014_Bahrain_Grand_Prix,Bahrain Grand Prix,2014-04-06,bahrain,Bahrain
2014,4,http://en.wikipedia.org/wiki/2014_Chinese_Grand_Prix,Chinese Grand Prix,2014-04-20,shanghai,China
2014,5,http://en.wikipedia.org/wiki/2014_Spanish_Grand_Prix,Spanish Grand Prix,2014-05-11,catalunya,Spain
2014,6,http://en.wikipedia.org/wiki/2014_Monaco_Grand_Prix,Monaco Grand Prix,2014-05-25,monaco,Monaco
2014,7,http://en.wikipedia.org/wiki/2014_Canadian_Grand_Prix,Canadian Grand Prix,2014-06-08,villeneuve,Canada
2014,8,http://en.wikipedia.org/wiki/2014_Austrian_Grand_Prix,Austrian Grand Prix,2014-06-22,red_bull_ring,Austria
2014,9,http://en.wikipedia.org/wiki/2014_British_Grand_Prix,British Grand Prix,2014-07-06,silverstone,UK
2014,10,http://en.wikipedia.org/wiki/2014_German_Grand_Prix,German Grand Prix,2014-07-20,hockenheimring,Germany
2014,11,http://en.wikipedia.org/wiki/2014_Hungarian_Grand_Prix,Hungarian Grand Prix,2014-07-27,hungaroring,Hungary
2014,12,http://en.wikipedia.org/wiki/2014_Belgian_Grand_Prix,Belgian Grand Prix,2014-08-24,spa,Belgium
2014,13,http://en.wikipedia.org/wiki/2014_Italian_Grand_Prix,Italian Grand Prix,2014-09-07,monza,Italy
2014,14,http://en.wikipedia.org/wiki/2014_Singapore_Grand_Prix,Singapore Grand Prix,2014-09-21,marina_bay,Singapore
2014,15,http://en.wikipedia.org/wiki/2014_Japanese_Grand_Prix,Japanese Grand Prix,2014-10-05,suzuka,Japan
2014,16,http://en.wikipedia.org/wiki/2014_Russian_Grand_Prix,Russian Grand Prix,2014-10-12,sochi,Russia
2014,17,http://en.wikipedia.org/wiki/2014_United_States_Grand_Prix,United States Grand Prix,2014-11-02,americas,USA
2014,18,http://en.wikipedia.org/wiki/2014_Brazilian_Grand_Prix,Brazilian Grand Prix,2014-11-09,interlagos,Brazil
2014,19,http://en.wikipedia.org/wiki/2014_Abu_Dhabi_Grand_Prix,Abu Dhabi Grand Prix,2014-11-23,yas_marina,UAE
2015,1,http://en.wikipedia.org/wiki/2015_Australian_Grand_Prix,Australian Grand Prix,2015-03-15,albert_park,Australia
2015,2,http://en.wikipedia.org/wiki/2015_Malaysian_Grand_Prix,Malaysian Grand Prix,2015-03-29,sepang,Malaysia
2015,3,http://en.wikipedia.org/wiki/2015_Chinese_Grand_Prix,Chinese Grand Prix,2015-04-12,shanghai,China
2015,4,http://en.wikipedia.org/wiki/2015_Bahrain_Grand_Prix,Bahrain Grand Prix,2015-04-19,bahrain,Bahrain
2015,5,http://en.wikipedia.org/wiki/2015_Spanish_Grand_Prix,Spanish Grand Prix,2015-05-10,catalunya,Spain
2015,6,http://en.wikipedia.org/wiki/2015_Monaco_Grand_Prix,Monaco Grand Prix,2015-05-24,monaco,Monaco
2015,7,http://en.wikipedia.org/wiki/2015_Canadian_Grand_Prix,Canadian Grand Prix,2015-06-07,villeneuve,Canada
2015,8,http://en.wikipedia.org/wiki/2015_Austrian_Grand_Prix,Austrian Grand Prix,2015-06-21,red_bull_ring,Austria
2015,9,http://en.wikipedia.org/wiki/2015_British_Grand_Prix,British Grand Prix,2015-07-05,silverstone,UK
2015,10,http://en.wikipedia.org/wiki/2015_Hungarian_Grand_Prix,Hungarian Grand Prix,2015-07-26,hungaroring,Hungary
2015,11,http://en.wikipedia.org/wiki/2015_Belgian_Grand_Prix,Belgian Grand Prix,2015-08-23,spa,Belgium
2015,12,http://en.wikipedia.org/wiki/2015_Italian_Grand_Prix,Italian Grand Prix,2015-09-06,monza,Italy
2015,13,http://en.wikipedia.org/wiki/2015_Singapore_Grand_Prix,Singapore Grand Prix,2015-09-20,marina_bay,Singapore
2015,14,http://en.wikipedia.org/wiki/2015_Japanese_Grand_Prix,Japanese Grand Prix,2015-09-27,suzuka,Japan
2015,15,http://en.wikipedia.org/wiki/2015_Russian_Grand_Prix,Russian Grand Prix,2015-10-11,sochi,Russia
2015,16,http://en.wikipedia.org/wiki/2015_United_States_Grand_Prix,United States Grand Prix,2015-10-25,americas,USA
2015,17,http://en.wikipedia.org/wiki/2015_Mexican_Grand_Prix,Mexican Grand Prix,2015-11-01,rodriguez,Mexico
2015,18,http://en.wikipedia.org/wiki/2015_Brazilian_Grand_Prix,Brazilian Grand Prix,2015-11-15,interlagos,Brazil
2015,19,http://en.wikipedia.org/wiki/2015_Abu_Dhabi_Grand_Prix,Abu Dhabi Grand Prix,2015-11-29,yas_marina,UAE
2016,1,http://en.wikipedia.org/wiki/2016_Australian_Grand_Prix,Australian Grand Prix,2016-03-20,albert_park,Australia
2016,2,http://en.wikipedia.org/wiki/2016_Bahrain_Grand_Prix,Bahrain Grand Prix,2016-04-03,bahrain,Bahrain
2016,3,http://en.wikipedia.org/wiki/2016_Chinese_Grand_Prix,Chinese Grand Prix,2016-04-17,shanghai,China
2016,4,http://en.wikipedia.org/wiki/2016_Russian_Grand_Prix,Russian Grand Prix,2016-05-01,sochi,Russia
2016,5,http://en.wikipedia.org/wiki/2016_Spanish_Grand_Prix,Spanish Grand Prix,2016-05-15,catalunya,Spain
2016,6,http://en.wikipedia.org/wiki/2016_Monaco_Grand_Prix,Monaco Grand Prix,2016-05-29,monaco,Monaco
2016,7,http://en.wikipedia.org/wiki/2016_Canadian_Grand_Prix,Canadian Grand Prix,2016-06-12,villeneuve,Canada
2016,8,http://en.wikipedia.org/wiki/2016_European_Grand_Prix,European Grand Prix,2016-06-19,baku,Azerbaijan
2016,9,http://en.wikipedia.org/wiki/2016_Austrian_Grand_Prix,Austrian Grand Prix,2016-07-03,red_bull_ring,Austria
2016,10,http://en.wikipedia.org/wiki/2016_British_Grand_Prix,British Grand Prix,2016-07-10,silverstone,UK
2016,11,http://en.wikipedia.org/wiki/2016_Hungarian_Grand_Prix,Hungarian Grand Prix,2016-07-24,hungaroring,Hungary
2016,12,http://en.wikipedia.org/wiki/2016_German_Grand_Prix,German Grand Prix,2016-07-31,hockenheimring,Germany
2016,13,http://en.wikipedia.org/wiki/2016_Belgian_Grand_Prix,Belgian Grand Prix,2016-08-28,spa,Belgium
2016,14,http://en.wikipedia.org/wiki/2016_Italian_Grand_Prix,Italian Grand Prix,2016-09-04,monza,Italy
2016,15,http://en.wikipedia.org/wiki/2016_Singapore_Grand_Prix,Singapore Grand Prix,2016-09-18,marina_bay,Singapore
2016,16,http://en.wikipedia.org/wiki/2016_Malaysian_Grand_Prix,Malaysian Grand Prix,2016-10-02,sepang,Malaysia
2016,17,http://en.wikipedia.org/wiki/2016_Japanese_Grand_Prix,Japanese Grand Prix,2016-10-09,suzuka,Japan
2016,18,http://en.wikipedia.org/wiki/2016_United_States_Grand_Prix,United States Grand Prix,2016-10-23,americas,USA
2016,19,http://en.wikipedia.org/wiki/2016_Mexican_Grand_Prix,Mexican Grand Prix,2016-10-30,rodriguez,Mexico
2016,20,http://en.wikipedia.org/wiki/2016_Brazilian_Grand_Prix,Brazilian Grand Prix,2016-11-13,interlagos,Brazil
2016,21,http://en.wikipedia.org/wiki/2016_Abu_Dhabi_Grand_Prix,Abu Dhabi Grand Prix,2016-11-27,yas_marina,UAE
2017,1,http://en.wikipedia.org/wiki/2017_Australian_Grand_Prix,Australian Grand Prix,2017-03-26,albert_park,Australia
2017,2,http://en.wikipedia.org/wiki/2017_Chinese_Grand_Prix,Chinese Grand Prix,2017-04-09,shanghai,China
2017,3,http://en.wikipedia.org/wiki/2017_Bahrain_Grand_Prix,Bahrain Grand Prix,2017-04-16,bahrain,Bahrain
2017,4,http://en.wikipedia.org/wiki/2017_Russian_Grand_Prix,Russian Grand Prix,2017-04-30,sochi,Russia
2017,5,http://en.wikipedia.org/wiki/2017_Spanish_Grand_Prix,Spanish Grand Prix,2017-05-14,catalunya,Spain
2017,6,http://en.wikipedia.org/wiki/2017_Monaco_Grand_Prix,Monaco Grand Prix,2017-05-28,monaco,Monaco
2017,7,http://en.wikipedia.org/wiki/2017_Canadian_Grand_Prix,Canadian Grand Prix,2017-06-11,villeneuve,Canada
2017,8,http://en.wikipedia.org/wiki/2017_Azerbaijan_Grand_Prix,Azerbaijan Grand Prix,2017-06-25,baku,Azerbaijan
2017,9,http://en.wikipedia.org/wiki/2017_Austrian_Grand_Prix,Austrian Grand Prix,2017-07-09,red_bull_ring,Austria
2017,10,http://en.wikipedia.org/wiki/2017_British_Grand_Prix,British Grand Prix,2017-07-16,silverstone,UK
2017,11,http://en.wikipedia.org/wiki/2017_Hungarian_Grand_Prix,Hungarian Grand Prix,2017-07-30,hungaroring,Hungary
2017,12,http://en.wikipedia.org/wiki/2017_Belgian_Grand_Prix,Belgian Grand Prix,2017-08-27,spa,Belgium
2017,13,http://en.wikipedia.org/wiki/2017_Italian_Grand_Prix,Italian Grand Prix,2017-09-03,monza,Italy
2017,14,http://en.wikipedia.org/wiki/2017_Singapore_Grand_Prix,Singapore Grand Prix,2017-09-17,marina_bay,Singapore
2017,15,http://en.wikipedia.org/wiki/2017_Malaysian_Grand_Prix,Malaysian Grand Prix,2017-10-01,sepang,Malaysia
2017,16,http://en.wikipedia.org/wiki/2017_Japanese_Grand_Prix,Japanese Grand Prix,2017-10-08,suzuka,Japan
2017,17,http://en.wikipedia.org/wiki/2017_United_States_Grand_Prix,United States Grand Prix,2017-10-22,americas,USA
2017,18,http://en.wikipedia.org/wiki/2017_Mexican_Grand_Prix,Mexican Grand Prix,2017-10-29,rodriguez,Mexico
2017,19,http://en.wikipedia.org/wiki/2017_Brazilian_Grand_Prix,Brazilian Grand Prix,2017-11-12,interlagos,Brazil
2017,20,http://en.wikipedia.org/wiki/2017_Abu_Dhabi_Grand_Prix,Abu Dhabi Grand Prix,2017-11-26,yas_marina,UAE
2018,1,http://en.wikipedia.org/wiki/2018_Australian_Grand_Prix,Australian Grand Prix,2018-03-25,albert_park,Australia
2018,2,http://en.wikipedia.org/wiki/2018_Bahrain_Grand_Prix,Bahrain Grand Prix,2018-04-08,bahrain,Bahrain
2018,3,http://en.wikipedia.org/wiki/2018_Chinese_Grand_Prix,Chinese Grand Prix,2018-04-15,shanghai,China
2018,4,http://en.wikipedia.org/wiki/2018_Azerbaijan_Grand_Prix,Azerbaijan Grand Prix,2018-04-29,baku,Azerbaijan
2018,5,http://en.wikipedia.org/wiki/2018_Spanish_Grand_Prix,Spanish Grand Prix,2018-05-13,catalunya,Spain
2018,6,http://en.wikipedia.org/wiki/2018_Monaco_Grand_Prix,Monaco Grand Prix,2018-05-27,monaco,Monaco
2018,7,http://en.wikipedia.org/wiki/2018_Canadian_Grand_Prix,Canadian Grand Prix,2018-06-10,villeneuve,Canada
2018,8,http://en.wikipedia.org/wiki/2018_French_Grand_Prix,French Grand Prix,2018-06-24,ricard,France
2018,9,http://en.wikipedia.org/wiki/2018_Austrian_Grand_Prix,Austrian Grand Prix,2018-07-01,red_bull_ring,Austria
2018,10,http://en.wikipedia.org/wiki/2018_British_Grand_Prix,British Grand Prix,2018-07-08,silverstone,UK
2018,11,http://en.wikipedia.org/wiki/2018_German_Grand_Prix,German Grand Prix,2018-07-22,hockenheimring,Germany
2018,12,http://en.wikipedia.org/wiki/2018_Hungarian_Grand_Prix,Hungarian Grand Prix,2018-07-29,hungaroring,Hungary
2018,13,http://en.wikipedia.org/wiki/2018_Belgian_Grand_Prix,Belgian Grand Prix,2018-08-26,spa,Belgium
2018,14,http://en.wikipedia.org/wiki/2018_Italian_Grand_Prix,Italian Grand Prix,2018-09-02,monza,Italy
2018,15,http://en.wikipedia.org/wiki/2018_Singapore_Grand_Prix,Singapore Grand Prix,2018-09-16,marina_bay,Singapore
2018,16,http://en.wikipedia.org/wiki/2018_Russian_Grand_Prix,Russian Grand Prix,2018-09-30,sochi,Russia
2018,17,http://en.wikipedia.org/wiki/2018_Japanese_Grand_Prix,Japanese Grand Prix,2018-10-07,suzuka,Japan
2018,18,http://en.wikipedia.org/wiki/2018_United_States_Grand_Prix,United States Grand Prix,2018-10-21,americas,USA
2018,19,http://en.wikipedia.org/wiki/2018_Mexican_Grand_Prix,Mexican Grand Prix,2018-10-28,rodriguez,Mexico
2018,20,http://en.wikipedia.org/wiki/2018_Brazilian_Grand_Prix,Brazilian Grand Prix,2018-11-11,interlagos,Brazil
2018,21,http://en.wikipedia.org/wiki/2018_Abu_Dhabi_Grand_Prix,Abu Dhabi Grand Prix,2018-11-25,yas_marina,UAE
2019,1,http://en.wikipedia.org/wiki/2019_Australian_Grand_Prix,Australian Grand Prix,2019-03-17,albert_park,Australia
2019,2,http://en.wikipedia.org/wiki/2019_Bahrain_Grand_Prix,Bahrain Grand Prix,2019-03-31,bahrain,Bahrain
2019,3,http://en.wikipedia.org/wiki/2019_Chinese_Grand_Prix,Chinese Grand Prix,2019-04-14,shanghai,China
2019,4,http://en.wikipedia.org/wiki/2019_Azerbaijan_Grand_Prix,Azerbaijan Grand Prix,2019-04-28,baku,Azerbaijan
2019,5,http://en.wikipedia.org/wiki/2019_Spanish_Grand_Prix,Spanish Grand Prix,2019-05-12,catalunya,Spain
2019,6,http://en.wikipedia.org/wiki/2019_Monaco_Grand_Prix,Monaco Grand Prix,2019-05-26,monaco,Monaco
2019,7,http://en.wikipedia.org/wiki/2019_Canadian_Grand_Prix,Canadian Grand Prix,2019-06-09,villeneuve,Canada
2019,8,http://en.wikipedia.org/wiki/2019_French_Grand_Prix,French Grand Prix,2019-06-23,ricard,France
2019,9,http://en.wikipedia.org/wiki/2019_Austrian_Grand_Prix,Austrian Grand Prix,2019-06-30,red_bull_ring,Austria
2019,10,http://en.wikipedia.org/wiki/2019_British_Grand_Prix,British Grand Prix,2019-07-14,silverstone,UK
2019,11,http://en.wikipedia.org/wiki/2019_German_Grand_Prix,German Grand Prix,2019-07-28,hockenheimring,Germany
2019,12,http://en.wikipedia.org/wiki/2019_Hungarian_Grand_Prix,Hungarian Grand Prix,2019-08-04,hungaroring,Hungary
2019,13,http://en.wikipedia.org/wiki/2019_Belgian_Grand_Prix,Belgian Grand Prix,2019-09-01,spa,Belgium
2019,14,http://en.wikipedia.org/wiki/2019_Italian_Grand_Prix,Italian Grand Prix,2019-09-08,monza,Italy
2019,15,http://en.wikipedia.org/wiki/2019_Singapore_Grand_Prix,Singapore Grand Prix,2019-09-22,marina_bay,Singapore
2019,16,http://en.wikipedia.org/wiki/2019_Russian_Grand_Prix,Russian Grand Prix,2019-09-29,sochi,Russia
2019,17,http://en.wikipedia.org/wiki/2019_Japanese_Grand_Prix,Japanese Grand Prix,2019-10-13,suzuka,Japan
2019,18,http://en.wikipedia.org/wiki/2019_Mexican_Grand_Prix,Mexican Grand Prix,2019-10-27,rodriguez,Mexico
2019,19,http://en.wikipedia.org/wiki/2019_United_States_Grand_Prix,United States Grand Prix,2019-11-03,americas,USA
2019,20,http://en.wikipedia.org/wiki/2019_Brazilian_Grand_Prix,Brazilian Grand Prix,2019-11-17,interlagos,Brazil
2019,21,http://en.wikipedia.org/wiki/2019_Abu_Dhabi_Grand_Prix,Abu Dhabi Grand Prix,2019-12-01,yas_marina,UAE
2020,1,http://en.wikipedia.org/wiki/2020_Austrian_Grand_Prix,Austrian Grand Prix,2020-07-05,red_bull_ring,Austria
2020,2,http://en.wikipedia.org/wiki/2020_Styrian_Grand_Prix,Styrian Grand Prix,2020-07-12,red_bull_ring,Austria
2020,3,http://en.wikipedia.org/wiki/2020_Hungarian_Grand_Prix,Hungarian Grand Prix,2020-07-19,hungaroring,Hungary
2020,4,http://en.wikipedia.org/wiki/2020_British_Grand_Prix,British Grand Prix,2020-08-02,silverstone,UK
2020,5,http://en.wikipedia.org/wiki/70th_Anniversary_Grand_Prix,70th Anniversary Grand Prix,2020-08-09,silverstone,UK
2020,6,http://en.wikipedia.org/wiki/2020_Spanish_Grand_Prix,Spanish Grand Prix,2020-08-16,catalunya,Spain
2020,7,http://en.wikipedia.org/wiki/2020_Belgian_Grand_Prix,Belgian Grand Prix,2020-08-30,spa,Belgium
2020,8,http://en.wikipedia.org/wiki/2020_Italian_Grand_Prix,Italian Grand Prix,2020-09-06,monza,Italy
2020,9,http://en.wikipedia.org/wiki/2020_Tuscan_Grand_Prix,Tuscan Grand Prix,2020-09-13,mugello,Italy
2020,10,http://en.wikipedia.org/wiki/2020_Russian_Grand_Prix,Russian Grand Prix,2020-09-27,sochi,Russia
2020,11,http://en.wikipedia.org/wiki/2020_Eifel_Grand_Prix,Eifel Grand Prix,2020-10-11,nurburgring,Germany
2020,12,http://en.wikipedia.org/wiki/2020_Portuguese_Grand_Prix,Portuguese Grand Prix,2020-10-25,portimao,Portugal
2020,13,http://en.wikipedia.org/wiki/2020_Emilia_Romagna_Grand_Prix,Emilia Romagna Grand Prix,2020-11-01,imola,Italy
2020,14,http://en.wikipedia.org/wiki/2020_Turkish_Grand_Prix,Turkish Grand Prix,2020-11-15,istanbul,Turkey
2020,15,http://en.wikipedia.org/wiki/2020_Bahrain_Grand_Prix,Bahrain Grand Prix,2020-11-29,bahrain,Bahrain
2020,16,http://en.wikipedia.org/wiki/2020_Sakhir_Grand_Prix,Sakhir Grand Prix,2020-12-06,bahrain,Bahrain
2020,17,http://en.wikipedia.org/wiki/2020_Abu_Dhabi_Grand_Prix,Abu Dhabi Grand Prix,2020-12-13,yas_marina,UAE
2021,1,http://en.wikipedia.org/wiki/2021_Bahrain_Grand_Prix,Bahrain Grand Prix,2021-03-28,bahrain,Bahrain
2021,2,http://en.wikipedia.org/wiki/2021_Emilia_Romagna_Grand_Prix,Emilia Romagna Grand Prix,2021-04-18,imola,Italy
2021,3,http://en.wikipedia.org/wiki/2021_Portuguese_Grand_Prix,Portuguese Grand Prix,2021-05-02,portimao,Portugal
2021,4,http://en.wikipedia.org/wiki/2021_Spanish_Grand_Prix,Spanish Grand Prix,2021-05-09,catalunya,Spain
2021,5,http://en.wikipedia.org/wiki/2021_Monaco_Grand_Prix,Monaco Grand Prix,2021-05-23,monaco,Monaco
2021,6,http://en.wikipedia.org/wiki/2021_Azerbaijan_Grand_Prix,Azerbaijan Grand Prix,2021-06-06,baku,Azerbaijan
2021,7,http://en.wikipedia.org/wiki/2021_French_Grand_Prix,French Grand Prix,2021-06-20,ricard,France
2021,8,http://en.wikipedia.org/wiki/2021_Styrian_Grand_Prix,Styrian Grand Prix,2021-06-27,red_bull_ring,Austria
2021,9,http://en.wikipedia.org/wiki/2021_Austrian_Grand_Prix,Austrian Grand Prix,2021-07-04,red_bull_ring,Austria
2021,10,http://en.wikipedia.org/wiki/2021_British_Grand_Prix,British Grand Prix,2021-07-18,silverstone,UK
2021,11,http://en.wikipedia.org/wiki/2021_Hungarian_Grand_Prix,Hungarian Grand Prix,2021-08-01,hungaroring,Hungary
2021,12,http://en.wikipedia.org/wiki/2021_Belgian_Grand_Prix,Belgian Grand Prix,2021-08-29,spa,Belgium
2021,13,http://en.wikipedia.org/wiki/2021_Dutch_Grand_Prix,Dutch Grand Prix,2021-09-05,zandvoort,Netherlands
2021,14,http://en.wikipedia.org/wiki/2021_Italian_Grand_Prix,Italian Grand Prix,2021-09-12,monza,Italy
2021,15,http://en.wikipedia.org/wiki/2021_Russian_Grand_Prix,Russian Grand Prix,2021-09-26,sochi,Russia
2021,16,http://en.wikipedia.org/wiki/2021_Turkish_Grand_Prix,Turkish Grand Prix,2021-10-10,istanbul,Turkey
2021,17,http://en.wikipedia.org/wiki/2021_United_States_Grand_Prix,United States Grand Prix,2021-10-24,americas,USA
2021,18,http://en.wikipedia.org/wiki/2021_Mexican_Grand_Prix,Mexico City Grand Prix,2021-11-07,rodriguez,Mexico
2021,19,http://en.wikipedia.org/wiki/2021_S%C3%A3o_Paulo_Grand_Prix,So Paulo Grand Prix,2021-11-14,interlagos,Brazil
2021,20,http://en.wikipedia.org/wiki/2021_Qatar_Grand_Prix,Qatar Grand Prix,2021-11-21,losail,Qatar
2021,21,http://en.wikipedia.org/wiki/2021_Saudi_Arabian_Grand_Prix,Saudi Arabian Grand Prix,2021-12-05,jeddah,Saudi Arabia
2021,22,http://en.wikipedia.org/wiki/2021_Abu_Dhabi_Grand_Prix,Abu Dhabi Grand Prix,2021-12-12,yas_marina,UAE
2022,1,http://en.wikipedia.org/wiki/2022_Bahrain_Grand_Prix,Bahrain Grand Prix,2022-03-20,bahrain,Bahrain
2022,2,http://en.wikipedia.org/wiki/2022_Saudi_Arabian_Grand_Prix,Saudi Arabian Grand Prix,2022-03-27,jeddah,Saudi Arabia
2022,3,http://en.wikipedia.org/wiki/2022_Australian_Grand_Prix,Australian Grand Prix,2022-04-10,albert_park,Australia
2022,4,http://en.wikipedia.org/wiki/2022_Emilia_Romagna_Grand_Prix,Emilia Romagna Grand Prix,2022-04-24,imola,Italy
2022,5,http://en.wikipedia.org/wiki/2022_Miami_Grand_Prix,Miami Grand Prix,2022-05-08,miami,USA
2022,6,http://en.wikipedia.org/wiki/2022_Spanish_Grand_Prix,Spanish Grand Prix,2022-05-22,catalunya,Spain
2022,7,http://en.wikipedia.org/wiki/2022_Monaco_Grand_Prix,Monaco Grand Prix,2022-05-29,monaco,Monaco
2022,8,http://en.wikipedia.org/wiki/2022_Azerbaijan_Grand_Prix,Azerbaijan Grand Prix,2022-06-12,baku,Azerbaijan
2022,9,http://en.wikipedia.org/wiki/2022_Canadian_Grand_Prix,Canadian Grand Prix,2022-06-19,villeneuve,Canada
2022,10,http://en.wikipedia.org/wiki/2022_British_Grand_Prix,British Grand Prix,2022-07-03,silverstone,UK
2022,11,http://en.wikipedia.org/wiki/2022_Austrian_Grand_Prix,Austrian Grand Prix,2022-07-10,red_bull_ring,Austria
2022,12,http://en.wikipedia.org/wiki/2022_French_Grand_Prix,French Grand Prix,2022-07-24,ricard,France
2022,13,http://en.wikipedia.org/wiki/2022_Hungarian_Grand_Prix,Hungarian Grand Prix,2022-07-31,hungaroring,Hungary
